Place,URL,Latitude,Longitude,Program,Number of Participants,Organizers
Louvain-la-Neuve,http://2018.openbelgium.be/,50.668695,4.610124,Open Belgium 2018,300,Open Knowledge Belgium
İstanbul,www.verigazeteciligi.com,41.008238,28.978359,Open Data for Animal Rights,20,Dag Medya
Accra,TBD,5.559646,-0.192016,Open Accra 2018,15,"Mohammed Sadat Abdulai (I may also organise with my affiliate, the Wikimedia Ghana Usergroup)"
Wuppertal,opendatal.de/oddw2018,51.266691,7.144814,Opendataday Wuppertal 2018 (SmartCity),50,Opendatal
Salvador - Bahia - Brazil,www.labpublico.cc,-12.9955844,-38.5201706,Open Data Day Salvador ,50,UFBA (NPGA - EAUFBA)
"Woodstock Bandwidth Barn, Cape Town, South Africa",#N/A,-33.926453,18.446093,Cape Town Open Data Hackathon,50,"""Cape Innovation and Technology Initiative""  and City Of Cape Town"
"Seoul, Korea",#N/A,37.566535,126.977969,Open Data Day in Korea,#N/A,Open Knowledge Korea
"Abu Dhabi, UAE",https://www.tra.gov.ae/en/media-hub/hackathon.aspx,24.447324,54.394924,UAE Hackathon Abu Dhabi - Data for Happiness,200,TRA
Dubai,https://www.tra.gov.ae/en/media-hub/hackathon.aspx,25.102139,55.386487,UAE Hackathon Dubai - Data for Happiness,200,TRA
Sharjah UAE,https://www.tra.gov.ae/en/media-hub/hackathon.aspx,25.286771,55.478371,"UAE Hackathon Sharjah, Data for Happiness",200,TRA
"Ajman, UAE",https://www.tra.gov.ae/en/media-hub/hackathon.aspx,25.412256,55.508107,UAE Hackathon Ajman & Umm Al Quwain - Data for Happiness,200,UAE TRA
"Fujairah, UAE",https://www.tra.gov.ae/en/media-hub/hackathon.aspx,25.130947,56.292898,"UAE Hackathon Fujairah, Data for Happiness ",200,UAE TRA
"Ras Al Khaimah, UAE",https://www.tra.gov.ae/en/media-hub/hackathon.aspx,25.788867,55.992929,"UAE Hackathon, Ras Al Khaimah, Data for Happiness",200,UAE TRA
Hong Kong,https://opensource.hk/open-data-day-2018-hong-kong/,22.396428,114.109497,Open Data Day 2018 Hong Kong,40,Open Source Hong Kong
"JODHPUR, RAJASTHAN , INDIA",FOSSYATRA.WORDPRESS.COM,26.278159,72.983697,ODDJODHPUR,200,FossYatra
"Jodhpur ,Rajasthan ,India",fossyatra.wordpress.com,26.285511,72.98444,ODD-JODHPUR,200,FOSSYATRA
"La Paz, Bolivia",https://www.facebook.com/boliviatechhub/,-16.515141,-68.119031,ODD Bolivia,50,Willmar A. Pimentel
"Maceio Al, Brazil",https://doity.com.br/oddmcz2018,-9.652412,-35.702164,Open Data Day Maceio (oddmcz),80,"Melquesedeque Balbino da Rocha, Hudson Gomes"
Mexico City,https://www.meetup.com/Soul-Tlamaqui/events/,19.503419,-99.186973,Taller de análisis de Datos Abiertos con Python ,25,"Alberto Rodríguez Sánchez, Alejandra Rodríguez Sánchez"
Kampala - Uganda ,https://www.meetup.com/NetSquared-Uganda/events/246476636/,0.3456,32.585347,https://www.meetup.com/NetSquared-Uganda/events/246476636/,50,"Fund Africa Inc, Net-squared Kampala,  Alwenyi Catherine Cassidy +256 700 551037, catherinecassidy06@gmail.com, infofundafrica@gmail.com"
"Tampere, Finland",www.mindtrek.org/2018,61.510333,23.707294,Mindtrek 2018,900,Centre for Open Systems and Solutions - COSS
Yaounde ,https://www.meetup.com/netsquaredyaounde-technology-Hub/events/246288384/,3.848032,11.502075,IMPACTING CAMEROONIANS TO ADVANCE OPEN RESEARCH DATA ,600,NETSQUARED YAOUNDE CAMEROON
Antananarivo,TBD,-18.91368,47.53613,Open Data for Citizens,#N/A,MAdagascar Initiatives for Digital Innovation
"Antananarivo,Madagascar",TBD,-18.87919,47.507905,Open Data for Citizens,#N/A,MAdagascar Initiatives for Digital Innovation
"Ibadan, Nigeria ",www.plsinitiative.org,7.37881,3.948855,Citizen Participatory Audit for Public Accountability Using Open Data,50,Paradigm Leadership Support Initiative (PLSI)
"Mexico City, Mexico",https://socialtic.org/events/open-data-day-2018/,19.41208,-99.180652,Open Data Day 2018 - Ciudad de México,200,SocialTIC
Panama,www.ipandetec.org,8.537981,-80.782127,Datos y Pintas III ,50,IPANDETEC - Datos Abiertos Panamá
"Lagos, Nigeria",TBD,6.443395,3.446852,Data Science Lagos ,50,"Akin-Awokoya Emmanuel (InvestXD), Oluwole Oyekanmi(Quantextive)"
Nigeria,TBD,4.832536,7.005287,Open Data Day-Port Harcourt,#N/A,DotsConnect
"Brussels, Belgium",https://cleanairwithopendata.eventbrite.co.uk,50.845512,4.357473,Towards Clean Air with Open Data,100,Open Knowledge Belgium
Johannesburg ,geekulcha.com/odisc,-26.20518,28.04,Open Data Day Johannesburg,50,"Geekulcha, ICRD Group Foundation"
"Lomé, Togo",https://www.facebook.com/events/1622089621183937/,6.1765,1.1708,"Open Data Day 2018, Lomé-Togo",100,Minodoo
"Abu Dhabi, UAE",hackathon.government.ae,25.286771,55.478371,UAE Data for Happiness,200,"Katherine Townsend, Hessa Al Shamsi"
Moscow,http://msk.opendataday.ru/,55.751979,37.617499,Moscow Open data day,300,"NGO ""Infoculture"" (https://www.infoculture.ru/)"
Potsdam,www.oklab-potsdam.de,52.4054,13.05793,Open Data Day,50,LHP / OK Lab Potsdam
"Denton, Texas", https://www.eventbrite.com/e/denton-open-data-day-2018-tickets-42316376421?ref=estw,33.214042,-97.124917,Denton Open Data Day 2018,70,Smart Denton Lab
Join us online to help protect girls from FGM in Tanzania via mapping,https://www.eventbrite.co.uk/e/online-mapathon-for-ope-data-day-map-tanzania-to-help-end-fgm-tickets-38118498455,-1.7054,34.7113,Crowd2Map,1000,"Janet Chapman, Crowd2Map"
"Dusseldorf, Germany",https://codefordus.nrw/,51.22628,6.78099,Open Data Day Düsseldorf 2018 (#ODDD18),50,"OK Lab Düsseldorf, Heinrich-Heine-Universität Abteilung für Informationswissenschaft, Stadt Düsseldorf Open Data"
djelfa,https://www.facebook.com/events/1683603105021252,34.657669,3.263912,Djelfa Developers HUB,40,Code Club Djelfa
"Guatemala City, Guatemala",Escueladedatos.org,14.628434,-90.522713,Open Data Day en Guatemala,50,EscueladeDatos.org
"Burlington, USA",http://meetu.ps/e/DNBT0/z0wCb/f,44.475882,-73.212072,Vermont Open Data Day,40,Code for BTV
"Windhoek, Namibia",https://www.facebook.com/events/330494460768616/,-22.5672331,17.0750228,4th Open Data Innovation Hackathon,100,Open Data Namibia and Namibia Business Innovation Institute
Abidjan - Côte d'Ivoire,TBD,5.30966,-4.01266,A la découverte de l'Open Data...,20,Communauté Open Data Côte d'Ivoire
Buenos Aires,TBD,-34.603684,-58.381559,DataCamp ,#N/A,Fundación Conocimiento Abierto @okfnar
Ciudad de Córdona,TBD,-31.420083,-64.188776,DataCamp ,#N/A,Fundación Conocimiento Abierto Open Data Córdoba 
Veracruz ,TBD,19.173773,-96.134224,Celebración del Día Internacional de Datos Abiertos,80,H. Ayuntamiento de Veracruz
Lagos -  Nigeria,https://www.facebook.com/events/401506173623306/?acontext=%7B%22action_history%22%3A[%7B%22surface%22%3A%22dashboard%22%2C%22mechanism%22%3A%22calendar_tab_event%22%2C%22extra_data%22%3A%22%7B%5C%22dashboard_filter%5C%22%3A%5C%22upcoming%5C%22%7D%22%7D]%2C%22ref%22%3A2%2C%22source%22%3A2%7D,6.524379,3.379206,ITRealms Open Data Day (T-ODD) 2018,150,DigitalSENSE Africa Media
"Kinshasa, democratic republic of Congo",,-4.441931,15.266293,Tracking Public Money in DRCongo,300,"Narcisse Mbunzama, DRCongo Open Data Association"
"Taipei, Taiwan",hack.g0v.tw,25.04101,121.614506,g0v hackathon,120,g0v jothon
FabLab / Coworking Heilbronn,https://www.meetup.com/codeforhn/events/246402098/,49.139,9.2203,"Open Data Day 2018 Heilbronn
",25,Adrian Stabiszewski
"San Juan, Metro Manila, PH",https://ti.to/mapamore/odd2018,14.59444,121.04008,"Open Day 2018 in Manila, Philippines",40,The MapAm❤re Initiative
"Rosario, Argentina",http://www.accioncolectiva.net/ODD18,-32.944243,-60.650539,Datos Abiertos Rosario 2018,300,Acción Colectiva
Trento,https://www.odhb2018.net/,46.074779,11.121749,Open Data HackaBot Trentino,100,Provincia Autonoma di Trento (dati.trentino.it)
"Riga, Latvia",http://dattack.lv/en/,56.955496,24.106773,Dattack,100,"Staro Riga, Metasphere, Krisjanis Rijnieks"
"Dushanbe, Tajikistan",http://opendata.tj/,38.571522,68.790207,Open Data Day Tajikistan 2018 (#ODDT18),30,OpenData.TJ
Niamey (Niger),https://goo.gl/vBXXP4 ,13.502607,2.092724,Training researchers on skills and competencies for practicing open science,40,Abdou Moumouni University (Contact person Dr Ibrahim Sidi Zakari)
Manila Philippines,#N/A,14.562006,121.021573,Open Data Day Philippines (ODDPH2018),100,Open Knowledge Philippines
"Louisville, KY USA",#N/A,38.252665,-85.758456,Open Data Day,75,Civic Data Alliance
"Miami, FL, USA",https://www.eventbrite.com/e/international-open-data-day-tickets-42648520874,25.76168,-80.19179,International Open Data Day,100,"Code for Miami, Florida International University"
"Porto, Portugal",http://www.transparenciahackday.org/,41.151539,-8.616269,Open Data Day 2018,40,Transparência Hackday Portugal
"Atlanta, Georgia, USA",https://www.eventbrite.com/e/atlanta-greenspace-hackathon-tickets-42438262987,33.772517,-84.365967,Atlanta Greenspace Hackathon,#N/A,Code for Atlanta
"Cologne, Germany",http://open-data-day-2018.hack.institute,50.930282,6.945715,Open Data Day Cologne,#N/A,hack.institute & OK Lab Köln
Jaffna ,https://www.openstreetmap.org/search?query=jaffna#map=12/9.6686/80.0076,9.568251,80.080376,OSM Mapping in the Northern Area ,25,OSM Community Sri Lanka 
"Dar es salaam, Tanzania", https://groups.google.com/d/msgid/dlabopendata/CA%2BE%2BaW7V3Kpp7WGcNNRC5xHOiXBjjJTGd3DxrNG20xvAbuMfuw%40mail.gmail.com.,-6.792,39.2083,OPEN DATA AND STATISTICAL LITERACY IN TANZANIA,100,"
INTERNATIONAL STATISTICAL LITERACY PROJECT (ISLP)-TANZANIA

(ELIEZA PAUL -COUNTRY COORDINATOR- TANZANIA )

"
"Kyiv, Ukraine",https://www.facebook.com/events/158940604889761/,50.4501,30.5234,Open Data Day Kyiv,100,1991 Open Data Incubator (SocialBoost)
"Münster, Germany",http://codeformuenster.org/opendataday/,51.961834,7.62836,Offene Daten - Was wünschen sich die Bürgerinnen und Bürger der Stadt Münster?,40,CodeForMünster
"Pasto, Colombia",http://gana.narino.gov.co/,1.2143119,-77.2776714,"Lanzamiento periódico ""Le tengo el dato"" (Visualización de datos abiertos)",#N/A,Gobierno Abierto de Nariño (Gobernación de Nariño)
"Karlsruhe, Germany",https://www.meetup.com/de-DE/OK-Lab-Karlsruhe/events/247346492/,49.001436,8.382729,Open Data Day 2018 - Karlsruhe,#N/A,OK Lab Karlsruhe
Curitiba,https://web.facebook.com/events/185492678712581/,-25.460181,-49.253668,Movimenta Curitiba,5000,Movimenta Curitiba
United Kingdom,#N/A,53.973859,-3.120117,Celebrating the Open Data of Death,#N/A,Free UK Genealogy
Raleigh NC USA,#N/A,35.7719,-78.674,NC Open Pass Datajam,200,Open Raleigh Brigade and NC Data4Good
San Francisco California United States,https://www.eventbrite.com/e/code-for-san-francisco-open-data-day-2018-tickets-42826162204,37.77873,-122.397658,Open Data Day San Francisco,100,"Open Data Bay Area, Lisa Green"
Panama,www.ipandetec.org,8.9936,79.5201,Hackaton: liberando datos de contratos de tecnología en Panamá,100,IPANDETEC
"Dhaka, Bangladesh",https://www.facebook.com/groups/ask.bhoot/,23.793687,90.401518,Dhaka OpenDataDay Mapathon with BHOOTs @Pathao,75,Bangladesh Humanitarian OpenStreetMap Operations Team (BHOOT) & Pathao Ltd
"Tirana, Albania",www.ais.al,41.327546,19.818698,"Follow the Money, tell us where does  my money go?",50,Albanian Institute of Science
"Mar del Plata, Argentina",http://escueladefiscales.com/index.php/opendataday/,-38.005477,-57.542611,Datos Abiertos y Ciudadania,120,Escuela de Fiscales
Colombia / Quindio / Armenia,https://tupale.co/e84,4.535741,-75.672809,Día de los Datos Abiertos (Armenia),15,Tupale.co
"Chiba, Japan",https://iodd2018chiba.peatix.com/,35.608677,140.119872,Civic Power Battle in IODD 2018,100,Code for Chiba
"Mirabel, Ardèche, France",http://www.ardeche.fr/1253-open-data.htm,44.607301,4.498617,Hackathon Ardèche,50,Département de l'Ardèche
"Belgrade, Serbia",#N/A,44.800078,20.464635,Open Data Week,#N/A,"Government of Serbia - Office for IT and e-Government, UNDP Serbia"
"Cape Coast,(UCC Wascal Center) Ghana",#N/A,5.119182,-1.291918,Open mapping,45,UCC YouthMappers
"Tulsa, OK USA",https://www.eventbrite.com/e/tulsa-open-data-day-tickets-42770267020,36.0864021,-95.958457,Tulsa Open Data Day,30,Code for Tulsa
"Lagos, Nigeria",ispatial.space,6.472516,3.568616,ISpatial Open Data,50,ISpatial Technologies
Minna Niger State Nigeria ,#N/A,9.583555,6.546316,ISODAF Open Data Day 2018,90,Initiative for Social Development in Africa (iSODAF)
Sokoto State Nigeria,#N/A,13.005873,5.247552,Open Sokoto 2018,120,Engage Diaspora Foundation Inc
Minna Nigeria,#N/A,9.583555,6.546316,Open Niger,100,Engage Diaspora Foundation Inc 
"Hermosillo, Sonora, Mexico",https://www.hermosillo.gob.mx/,29.072967,-110.955919,Hermosillo Open Data Fest,100,Alejandro Salcido
Navi Mumbai,https://www.eventbrite.com/e/uxo-opendataday-celebration-tickets-42778352203,18.990546,73.127985,UXO OpenDataDay Celebration,30,UXO-INDIA
"Bangkok, Thailand",http://opendataday.in.th,13.751161,100.543399,International Opendata Day : Bangkok,200,Social Technology Institute ( http://socialtech.or.th )
Kigoma Ujiji Municipal ,Open data for transparency and accountability,-4.91148,29.674561,Open data day,30,KDI
"Uganda, Mbarara",https://goo.gl/forms/INoZ6A5H2bQ3mi3d2,-0.624342,30.657864,MUST MAPATHON,20,MUST Street Mappers
Kampala,http://mapuganda.org/recent-activities,0.34184,32.594,Mapathon to Strengthen and Expand the Network,20,MapUganda
"Sherubtse College, Kanglung, Eastern Bhutan",https://www.facebook.com/sherubtse.mappers/,27.286715,91.523688,Mapping social infrastructure in Kanglung using OpenStreetMapping ,#N/A,"Geographical Society, Sherubtse College, Royal University of Bhutan"
"Havana, Cuba",#N/A,23.113592,-82.366596,¡Vamos a mapear La Habana!,30,OSM Cuban Community
"Kaduna, Nigeria",#N/A,10.510464,7.416505,"Public Money, Open Data, Kaduna",40,CoLab
"New York City, USA",https://schoolofdata.nyc,40.74218,-73.990707,NYC School of Data 2018,200,BetaNYC
Puebla,Por definir,19.041289,-98.206201,CiudaDatos,100,Gobierno del estado de Puebla y Epicentro Inefable A.C.
"Akure, Nigeria",#N/A,7.3043,5.137,"Building a resilience Akure City, with open mapping ",60,Youthmappers FUTA
"Conakry, Guinea",#N/A,9.67731,-13.58084,The Open Mapping OpenStreetMap (OSM): which benefits for students?,55,The OSM Guinea community 
"Newport, RI, USA",https://attending.io/events/newport-open-data-day,41.490102,-71.312829,Newport Open Data Day,#N/A,Newport Data Project
Nashik,https://docs.google.com/forms/d/e/1FAIpQLSdz1DORJHhMPUln5AFcDmwfCXwc-r0fSjeH2K7VWM04t2Fqeg/viewform?c=0&w=1,20.0136043,73.8205142,Oprn Data Day Celebration,40,"Albedo Foundation, Naksha"
"Lusaka, Zambia",#N/A,-15.387526,28.322817,The power of open data,30,OpenStreetMap Zambia
"Monze, Zambia",,-16.280321,27.473257,Open data for development planning,40,OpenStreetMap Zambia
"Khulna - 9208, Bangladesh",Still waiting for the confirmation of mini-grants and that's why didn't created the event yet.,22.803312,89.53239,Open Data Day : Khulna University,100,Skill Development Klub - KU
Kurigram,#N/A,25.8072,89.6295,"Digitizing Municipality Level Data in Kurigram (Sadar Thana, Kurigram, Bangladesh)",50,Shepro Foundation
"Kurigram, Bangladesh",https://web.facebook.com/events/149398979198513/,25.8072,89.6295,Kurigram Open Data Day Mapathon with Shepro Foundation,50,Shepro Foundation
Bhubaneswar,https://theofdn.org/open-data-day-2018-bhubaneswar/,20.296059,85.82454,Open Data Day 2018 Bhubaneswar,10,"O Foundation, Odia Wikimedians User Group, Sambad Group"
El Salvador,#N/A,13.694325,-89.228966,#DatosAbiertos El Salvador 2018,TBD,DatosElSalvador
İstanbul,http://www.verigazeteciligi.com/2018-acik-veri-gunu-open-data-day-2018-etkinlik-kayitlari-basladi/,41.008238,28.978359,Open Data For Fair Public Transportation in İstanbul,20,Dağ Medya
Munich,https://www.meetup.com/de-DE/code-for-muenchen/events/247507806/,48.123849,11.608375,Open Data Hackathon Munich,#N/A,"Landeshauptstadt München, CCC"
"Salvador, Brazil",http://raulhc.cc/Agenda.2018-03-03-OpenDataDay,-13.0108746,-38.4944865,Open Data Day - Dia De Dados Abertos,15,Raul Hacker Club
Buenos Aires,#N/A,-34.603684,-58.381559,Open Data Day Buenos Aires,#N/A,Fundación Conocimiento Abierto
Ankara,https://www.avvg.org.tr/yazilar/286-2018-acik-veri-gunu-etkinlik-kayitlari-basladi.html,39.933363,32.859742,Open Data Advocacy for Civil Society,10,www.avvg.org.tr
"Mwanza, Tanzania",https://www.eventbrite.co.uk/e/open-data-day-openstreetmap-training-event-tickets-42906056169,-2.215,32.338,Open Data and Open Mapping Training Event,100,"Crowd2Map, Data Zetu and Humanitarian OpenStreetMap Tanzania"
"Jiutepec, Morelos, México",#N/A,18.892847,-99.137814,PRIMER HACKATON SOBRE RESIDUOS SÓLIDOS MUNICIPALES,#N/A,"Gobierno de Jiutepec, INEGI, UPEMOR e IMIPE"
"São Paulo, Brazil",https://www.eventbrite.com/e/dia-dos-dados-abertos-na-camara-tickets-42910869566,-23.550594,-46.641263,Dia de Dados Abertos na Câmara,50,"Gabinete56, LabHacker"
"Bogota, Colombia",http://www.despacio.org/2018/02/08/dia-de-datos-abiertos-despacio/,4.669655,-74.058309,Día De Datos Abiertos Despacio,30,www.despacio.org
"Cleveland, Ohio, USA",http://datadayscle.org,41.5043,-81.644,Data Days CLE ,100,Cleveland Civic Tech and Open Data Collaborative
"San Francisco, California, United States of America",https://www.eventbrite.com/e/code-for-san-francisco-open-data-day-2018-tickets-42826162204,37.775641,-122.413649,Open Data Day 2018,100,Code for San Francisco
Seoul,http://okfn.kr,37.541,126.986,Open Data Day in Korea,100,Open Knowledge Korea
"Barcelona, Spain",www.opendataday.cat,41.382863,2.154301,Reutilitzem Dades,50,"ideograma, Iniciativa Barcelona Open Data"
Sao Paulo,#N/A,-23.55052,-46.633309,Dados Abertos e Feminicídios,20,Artigo 19
"Owerri, Nigeria",#N/A,5.489659,7.013979,Empowering young girls to make informed decision about their sexual health and well being.,#N/A,InspireIT
"Tirana, Albania",www.openlabs.cc,41.321553,19.828938,Tirana Open Source Geoportal Hackathon,25,OpenLabs Hackerspace
Bogota,http://www.despacio.org/2018/02/08/dia-de-datos-abiertos-despacio/,4.669655,-74.058305,Día De Datos Abiertos Despacio,30,www.despacio.org
Port Harcourt,https://web.facebook.com/uniquemappersteamportharcourt/,4.907623,6.937827,Let's Map our World:How to map with Openstreetmap,100,UniquMappersTeam(UMT)University of Port Harcourt
"Oyo,Nigeria",https://web.facebook.com/Oyomappersteam-omt-oyo-1432864713415765/?ref=your_pages,8.123388,4.225725,Open Data Mapping Using OpenstreetMap,70,"OyoMappersTeam(OMT)Federal School of Surveying,Oyo,Nigeria"
"Enugu,Nigeria",https://web.facebook.com/Lionmappersteam-enugu-Campus-361221567667528/,6.425185,7.504434,Open Data Practical Training and Mapathon  Using Openstreetmap ,100,"LionMappersTeam(LMT)University of Nigeria,Enugu Campus,Nigeria"
"Nsukka,Nigeria",https://web.facebook.com/LionMappersTeamNsukka/,6.864455,7.408288,Open Data Practical Training and Mapathon Using Openstreetmap,100,"LionMappersTeam(LMT)Nsukka,University of Nigeria,Nsukka"
"Owerri,Nigeria",https://web.facebook.com/search/top/?q=timipre%20ruth,5.386632,6.991631,FutuMappersTeam Inaugural Training:How to map with Openstreetmap,50,"FutoMappersTeam(FMT)Federal University of Technology,Owerri,Being coordinated by UnqueMappersTeam-YouthMappers Chapter"
"Medialab-Prado, Madrid, Spain",https://www.medialab-prado.es/actividades/dia-de-los-datos-abiertos,40.41052,-3.693585,Día de los Datos Abiertos ,77,"Datalab Madrid, ODI Madrid, OEG-UPM"
"Wellington, New Zealand",https://www.eventbrite.co.nz/e/open-data-open-potential-event-friday-2-march-2018-tickets-42733708673,-41.290052,174.780104,"Open Data, Open Potential",250,Stats NZ
"Bern, Switzerland",https://www.effinger.ch/events/100180/,46.946102,7.43592,Open Data Day Bern,50,"Opendata.ch, Swiss chapter of Open Knowledge"
"Nova Scotia, Canada",https://www.eventbrite.ca/e/nova-scotia-open-data-contest-tickets-42905119367?aff=es2,44.637028,-63.588217,Nova Scotia Open Data Contest,#N/A,"Province of Nova Scotia with the School of Information Management and the Rowe School of Business (Faculty of Management, Dalhousie University)"
"Concepción, Chile",https://www.facebook.com/events/2065717930311445/,-36.820135,-73.04439,Open Data Day Concepción,100,OpenData CCP
"Halifax, Nova Scotia",https://www.eventbrite.ca/e/nova-scotia-open-data-contest-tickets-42905119367,44.637028,-63.588217,Nova Scotia Open Data Contest,100,Dalhousie University & The Province of Nova Scotia
"Aberdeen, UK",https://www.eventbrite.co.uk/e/aberdeen-data-meetup-scoping-session-tickets-43029677925,57.146636,-2.100491,Aberdeen Data Meetup Launch Event,20,ODI Aberdeen
Port Harcourt,https://web.facebook.com/ignatiusmappersteam,4.806316,6.933647,Open Data Mapping using Openstreetmap,70,"IgatiusMappersTeam(IMT)Port Harcourt,Ignatius Ajuru University of Education"
"Quito, Ecuador",https://www.datalat.org/opendataday,-0.192247,-78.482624,Open Data Day UIO ,100,Datalat
"Walnut Creek, USA",https://www.eventbrite.com/e/contra-costa-civic-hackathon-for-open-data-day-2018-tickets-43005029200,37.8964605,-122.0640214,Contra Costa Civic Hackathon for Open Data Day 2018,50,"Victory Workspace, Miller Media"
"Baunatal, Germany",https://www.meetup.com/de-DE/bntl-digital-kreativ/events/247662045/,51.253728,9.4146,Open Data Day,15,"Nils Schmidt, Florian Otto"
"Copenhagen, Denmark",https://www.facebook.com/events/278057246058482/,55.659638,12.590954,Open Data Socialising in Copenhagen,50,"Open Knowledge Denmark, Ethos Lab, Open4Citizens"
Chile,www.opendataday.cl/rally,-33.442909,-70.65387,Rally #DatosEnLaCalle,100,"Observatorio del Gasto Fiscal en Chile, Ministerio de Obras Públicas"
"Yangon, Myanmar",https://docs.google.com/forms/d/e/1FAIpQLSfYp1bfO-89hZrgfyHrxVZ69rMfuBc9CJnrchi9m72Ndcxkrw/viewform?usp=sf_link,16.772186,96.156649,2018Map Challenge : Help Map Yangon!,100,"Phandeeyar , OneMap Myanmar,  Ride partner - Grab"
Chile,https://www.datachile.cl,-33.44889,-70.669265,Lanzamiento DataChile Versión 2,#N/A,Datawheel
"London, UK",http://goldsmiths.tech/data,51.474452,-0.03511,Open Data Day London,35,Hacksmiths - Goldsmiths Tech Society
"Bishkek, Kyrgyzstan",http://project533785.tilda.ws,42.817173,74.625192,Data Journalism Hackathon #HackPoverty,70,School of Data Kyrgyzstan and American University in Central Asia
Colombia,https://app.sikuani.net/events/71/register,4.601022,-74.074886,Hackathon AlimenData,5.73008E+11,"Secretaría de Transparencia de la Presidencia de la República, el Ministerio de Hacienda y Crédito Público, el Ministerio de Tecnologías de la Información y las Comunicaciones y Open Knowledge Colombia"
Colombia,https://app.sikuani.net/events/rallycolombia,4.601022,-74.074886,#RallyColombia,100,"Secretaría de Transparencia de la Presidencia de la República, el Ministerio de Hacienda y Crédito Público, el Ministerio de Tecnologías de la Información y las Comunicaciones y Open Knowledge Colombia"
"Yangon, Myanmar",https://docs.google.com/forms/d/e/1FAIpQLSfYp1bfO-89hZrgfyHrxVZ69rMfuBc9CJnrchi9m72Ndcxkrw/viewform?usp=sf_link,16.772186,96.156649,2018Map Challenge : Help Map Yangon!,100,"Phandeeyar , OneMap Myanmar, Ride partner - Grab"
"Phnom Penh, Cambodia",https://www.eventbrite.com/e/open-data-day-2018-tickets-43121355134,11.5636644,104.9090709,Open Data Day 2018,100,Open Development Cambodia
Trento,https://www.odhb2018.net,46.0642076,11.1229379,OpenData HackaBot,75,"Organizzata da Provincia Autonoma di Trento e Opendata Trentino. 
In collaborazione con Consorzio dei Comuni Trentini, Trentino Sviluppo, HIT (Hub Innovazione Trentino), SmartCrowds, cLab Trento, Informatica Trentina.
Con il supporto di DataBoom, Dedagroup, Dimension, GPI, Hi-Logic, U-hopper, e i seguenti progetti Europei: INTERREG Europe OSIRIS e INTERREG central Europe IRBANINNO."
"Little Rock, Arkansas, United States",https://www.eventbrite.com/e/little-rock-open-data-day-tickets-42986177815,34.667623,-92.351844,City of Little Rock Open Data Day,75,City of Little Rock Data Governance Committee 
"Frankfurt am Main, DE",https://www.meetup.com/de-DE/OKLabFfm/events/245260067/,50.125401,8.706141,Open Data Day Hackathon,#N/A,"Bogomir Engel, Mischa Zöller"
"Edmonton, Canada",https://www.epl.ca/odd/,53.541168,-113.495953,International Open Data Day 2018 @EPL,60,"Edmonton Public Library, City of Edmonton "
"Copenhagen, Denmark",https://ethos.itu.dk/2018/02/13/celebrating-open-data-day-in-copenhagen/,55.65989,12.591191,OPEN DATA DAY - Socializing in Copenhagen,100,"ETHOS LAB, OPEN KNOWLEDGE DENMARK, OPEN4CITIZENS"
Bangkok,#N/A,13.726071,100.543369,International Open Data Day 2018 (Thailand Open Data API),150,Electronic Government Agency (Public Organization) (EGA) 
"Zagreb, Croatia",https://odd.codeforcroatia.org/,45.795616,15.966553,Open Data Day Croatia / Dan otvorenih podataka,100,"Code for Croatia, Information Commissioner Republic of Croatia, GONG, SRCE University Computing Center"
"Yaoundé, Cameroon",#N/A,7.369722,12.354722,Open Data for Agriculture Development,25,NGALEU YVES STEPHANE
"Torino, Italy",https://synapta.it/odd2018/,45.066878,7.670588,#ODD2018TO Wikidata editathon,#N/A,Synapta Srl & friends
"Sacramento, USA",#N/A,38.579042,-121.4812317,Code for Sacramento Open Data Day,#N/A,Code for Sacramento
"Karatina University,Kenya.",#N/A,-0.481416,37.12791,Bird-Mapping in the Mt Kenya ecosystem !,50,"Karatina university Youth mappers chapter
Joy mwangi-Alumni advisor karatina university chapter."
"Calgary, Canada",https://www.eventbrite.ca/e/codeacross-a-civictechyyc-hackathon-tickets-42887965058,51.048615,-114.070846,CodeAcross Calgary - Civic Hackathon,50,CivicTechYYC
Washington DC,https://www.eventbrite.com/e/open-data-day-2018-help-complete-the-2018-us-city-open-data-census-tickets-42989484706,38.904269,-77.033148,Open Data Day 2018: Help complete the 2018 U.S. City Open Data Census,#N/A,Sunlight Foundation
"London, United Kingdom",https://www.eventbrite.co.uk/e/360giving-open-data-day-2018-tickets-43196613233,51.485841,-0.116266,360Giving Open Data Day,45,360Giving
On the Internet,https://www.facebook.com/events/195049094575992/,54.084727,-2.861608,Opening Death Data resources for family historians,#N/A,Free UK Genealogy
"Bogotá, Colombia",http://is.gd/oddbog,4.631307,-74.066024,Data Week,#N/A,Comunidad de Grafoscopio y Data Week / Grafoscopio and Data Week Community
Wuppertal,http://opendatal.de/oddw2018/,51.258271,7.127542,Opendataday Wuppertal 2018 (SmartCity),50,Opendatal – OKLab Wuppertal und Stadt Wuppertal
"Natal, Brazil",http://www.labgov.com.br/odd,-5.832136,-35.205317,Open Data Day - Encontro de pesquisas sobre governança pública e dados abertos governamentais,150,LabGov/UFRN - Laboratório de Governança Pública da Universidade Federal do Rio Grande do Norte
#REF!,#REF!,#REF!,#REF!,#REF!,#REF!,#REF!
San Salvador,#N/A,13.69294,-89.218191,Datos & Café,80,"Fundación Latitudes, Háblame de Respeto, Escuela de Datos"
"Fort Collins, CO",https://gis.colostate.edu/news-events-2/,40.572957,-105.084422,Open Geo Data Day,#N/A,Geospatial Centroid at Colorado State University
"Cancún, México",OpenDataUnicaribe.github.io/2018,21.20071,-86.822957,"Día de Datos Abiertos 2018, Unicaribe",100,"Universidad del Caribe, Departamento de Ciencias Básica e Ingenierías"
"Edmonton, Alberta",https://www.epl.ca/odd/,53.544389,-113.490927,International Open Data Day 2018 @EPL,#N/A,City of Edmonton and Edmonton Public Library
"Helsinki, Finland",https://www.facebook.com/events/940493522793115/,60.167488,24.922738,Kick-off to Open Data Day by Hel<3Dev & OKFI,#N/A,Helsinki Loves Developers/City of Helsinki and Open Knowledge Finland
Geneva Switzerland,staff only,46.204391,6.143158,Open data for Humanitarian Action,30,IFRC and HDX
Curitiba/Paraná/Brazil,https://doity.com.br/open-data-day-curitiba-2018,-25.459923,-49.253432,Curitiba Open data Day Kids,100,"Cristiane Ilkiv Garcia
Stephan Rodrigues Garcia"
Département de l'Allier,http://www.allier.fr/,46.56863,3.333501,Cartoparty,#N/A,Conseil départemental de l'Allier
"Kobe, Japan",https://www.facebook.com/events/1242044385940061/,34.698202,135.195359,International Open Data Day 2018 in Kobe,#N/A,Code for Kobe
"Albany/Troy, NY",opendataalbany.org,42.731093,-73.689873,Open Data Day Albany/Troy,#N/A,"Ursula Kaczmarek, Matthew Lean, Kishor Bagul"
"Ciudad Obregón, Sonora, México",https://www.facebook.com/opendatacajeme/,27.48306,-109.929476,Cajeme Abierto,60,"Anwar Benitez
Andres Avilez
Guillermo Aceves
Anabell Covarrubias
Gabriela Lozoya
Ivan Fernandez
Issa Mendez
Juan Isaac Badouin
Israel Patiño
Ricardo Lugo"
"Denver, CO",https://www.meetup.com/OSM-Colorado/events/247885182/,39.745928,-105.005409,Mapping Mongolia at MSU,#N/A,"OSM Colorado (Russ Deffner), Ger Community Mapping Center (Delia Walker-Jones)"
"Toyohashi, Aichi, Japan",https://uzura.doorkeeper.jp/events/70877,34.777613,137.407242,川王　豊橋国際ハッカソン,#N/A,Code for MIKAWA（うずらインキュベータ）
Tunisia,http://appsfordemocracy.tn,33.886917,9.537499,Tunisia Open Data Hackathon,#N/A,Forum pour une nouvelle république
Bologna,https://educazioneaperta.eu/wp/open-data-day-2018-donne-dati/,44.498955,11.327591,"#ODD2018 Bologna: Dati & Donne Le correlazioni pericolose, le disuguaglianze strutturali",50,"Open Education Italia, Associazione Orlando, Comune di Bologna"
"Zapopan, México",https://www.facebook.com/changemakerstec/,20.735008,-103.454912,ODD: Datos abiertos para la participación ciudadana. ,100,"Grupo Estudiantil Changemakers, Gerardo Cruz"
"New York, USA",#N/A,40.792784,-73.971424,Evidence Appraisal Open Data Day,#N/A,EvidenceBase
"Kigali, Rwanda",#N/A,-1.933725,30.10322,"Open data for Slum upgrading/map Kangondo, Kigali",24,YouthMappers at INES-Ruhengeri
"Dayton, Ohio, USA",https://www.meetup.com/Code-for-Dayton/events/247919138/,39.760375,-84.193016,Drop-in Data Dive ,20,Code for Dayton
Papeete / Tahiti / French Polynesia,http://meetu.ps/e/DVh4y/wTrbK/d,-17.539802,-149.566231,Open Data Day 2018 un Tahiti,15,"Hubert Leviel, Laurent Pellet"
"Washington, DC, USA",https://www.meetup.com/Code-for-DC/events/246029381/,38.898569,-77.031008,Open Data Project Night,#N/A,Code for DC
Madagascar,#N/A,-18.87919,47.507905,"""Open data on public finances in Madagascar""",100,Transparency International Initiative Madagascar
Madagascar,#N/A,-18.87919,47.507905,Open data on public finances in Madagascar,100,Transparency International Initiative Madagascar
Tunis,https://www.facebook.com/events/548210832226198/,36.83,10.21,"HACKATHON Apps For Democracy ""Open Data""",50,Forum pour une Nouvelle République
"Rivne, Ukraine",https://www.facebook.com/cn.opora/posts/10155228880010108?pnref=story,50.62201,26.25015,Sick Elections,15,Civil Network OPORA
"Abuja, Nigeria ",http://bit.ly/2oa2Ntu,9.034313,7.495371,FollowtheFunds Town Hall Meeting powered with ConsTrack Mobile App,12,OrderPaper NG
"Bucharest, Romania",https://www.facebook.com/events/146996179392902/,44.439218,26.102142,Culture Hack,50,Center for Public Innovation & OGP Romania
"Dhaka, Rajshahi, Satkhira, Barguna, Moulvibazar, Chittagong, Chapai Nawabganj, Bogra, Kurigram, Jhenaidah, Naugaon, Cox's Bazar, Khulna, Munshiganj, Bhola, Noakhali, Gaibandha",https://www.facebook.com/events/2062474293971708/,23.810332,90.412518,Open Data Day 2018,100,Open Knowledge Bangladesh and Bangladesh NGOs Network for Radio and Communication
"Eldoret, Kenya",https://docs.google.com/forms/d/e/1FAIpQLSdFsXk6qztY6nDlgy5Q7J49msLQ-WGwQwBIY1SjyZKXrZYzZQ/viewform,0.519504,35.265333,Data Driven Hack4Good-Governance,50,EldoHub
Amsterdam,https://hackdevalsestart.nl,52.35618,4.832578,Hack de Valse Start,100,Open State Foundation
"Austin, Texas",https://www.meetup.com/Open-Austin/events/zfmdhpyxfbfb/,30.268994,-97.740544,Open Data Day ,#N/A,Open Austin 
Saudi Arabia ,https://twitter.com/DataCommunitySA,24.713552,46.675296,Saudi Open Data Day,#N/A,Saudi Data Community
Rio de Janeiro,https://www.facebook.com/events/343581412823483/,-22.906847,-43.172896,Open Data Day in Rio,40,Marcela Ribeiro Gonçalves e Elizete Ignacio
"Cambridge, UK",https://open-data-day-cambridge-2018.github.io/,52.197404,0.128621,Open Data Day Cambridge 2018,20,"Yo Yehudi, Naomi Penfold"
"Brisbane, Australia",https://iodd.eventbrite.com.au,-27.4565,153.0345,International Open Data Day Networking Event,80,ODI Australian Network
"Kochi, India",,10.073129,76.333526,MapMyData,60,PanApps / Assyst International Pvt Ltd
"Addis Ababa, Ethiopia",http://www.opencon2017.org/opencon_2018_addis_ababa,8.980603,38.757761,OpenCon 2018 Addis Ababa,40,Open Knowledge Ethiopia
"Addis Ababa, Ethiopia",www.opencon2017.org/opencon_2018_addis_ababa,9.047696,38.757731,OpenCon 2018 Addis Ababa,40,Open Knowledge Ethiopia and Addis Ababa University
Zapopan,www.facebook.com/zapopanlab,20.671956,-103.416501,¡Pasanos Tus Datos!,30,Zapopan Lab
"Kimberley,South Africa",,-28.745104,24.766445,Open Data Day Kimberley,40,NCDev Ecosystem
United Kingdom,https://www.facebook.com/events/195049094575992/,52.817867,-1.340041,The Open Data of Death,,Free UK Genealogy
Fortaleza - Brasil,,-3.746096,-38.573561,Open Data Day UFC,,Labocart - UFC
"Los Angeles City Hall, USA",http://ens.lacity.org/clk/councilagendas/clkcouncilagendas3118730_02202018.html (sample agenda),34.0535267,-118.2429316,LA City Council Meeting,,"Los Angeles Councilmember Monica Rodriguez, 7th District; Los Angeles City Controller Ron Galperin"
Porto Alegre,https://goo.gl/forms/GJ6vsDL6IPbrbTGe2,-30.034647,-51.217658,Dia dos Dados Abertos POA,40,
New Orleans,https://www.meetup.com/Hacks-Hackers-New-Orleans/events/248003191/,29.964614,-90.046529,Hacks/Hackers Open Data Day 2018,,"Samantha Sunne, Hacks/Hackers"
"Montréal, Québec, Canada",http://jido2018.waglo.com/,45.528374,-73.561756,Journée internationale des données ouvertes,50,Robin Millette
"Tucson, AZ, USA",https://www.meetup.com/Code-for-Tucson/events/248009028/,32.2311137,-110.9528435,Open Data Day Tucson 2018,10,Code for Tucson
"Kurume city,japan",https://www.facebook.com/events/1792217767748298/,33.313572,130.51178,IODD 2018 Data Analytics in Kurume,24,Kurume Open Data  Promotion Research Group
otsu shiga Japan,http://www.city.otsu.lg.jp/kanko/event/1516766105677.html,35.006447,135.875551,Date Academy in Otsu,,CIty Otsu
Kishiwada OSAKA JAPAN,http://www.wakayama-u.ac.jp/kishiwada/post_460.html,34.45926,135.374222,岸和田おーぷんでーたそん2018(Kishiwada Opendatathon 2018),30,"Kishiwada city , Wakayama University , 和歌山大学岸和田サテライト友の会 , 泉州らへんでオープンデータとＧＩＳを楽しむ会"
Osaka,http://iodd2018osaka.peatix.com,34.707637,135.489671,The 9th Linked Open Data Hackathon in International Open Data Day OSAKA 2018,,"Linked Open Data Challenge Committee Kansai, Japan  "
"Ishikawa, Japan",https://www.facebook.com/events/162559927725035/,36.594682,136.625573,大雪災害について考えよう 〜 インターナショナル・オープンデータ・デイ2018 in Ishikawa,50,Code for Kanazawa
"Sapporo, Japan",https://connpass.com/event/80202/,43.046279,141.352565,International OpenData day 2018 Sapporo,30,"Yasuto FURUKAWA, Code for Sapporo"
"Fuchu,Tokyo",https://www.facebook.com/events/140000353478407/,35.672081,139.480403,"IDOBATAKAIGI,March - IODD special -",15,Code for Fuchu
"Accra, Ghana",http://iwatchafrica.org/2018/02/21/register-2018-international-open-data-day-conference/,5.603717,-0.186964,iWatch Africa: 2018 International Open Data Day Conference,20,iWatch Africa
Chelyabinsk,http://day.opendatachel.ru,55.188438,61.334273,Chelyabinsk Open data day,50,Timofey Subbotin (opendatachel.ru)
"Vienna, Austria",https://open.wien.gv.at/site/der-open-data-day-2018-wien-ist-dabei/,48.211003,16.357675,Open Data Day Vienna,,City of Vienna
"Kampala, Uganda",by invitation only,0.347596,32.58252,Open Data Georeferencing,10,Rohan Cooray
"Quezon City, Metro Manila, Philippines",http://ilead.ph/2018/02/20/open-data-day-rtd-on-open-research-in-the-philippines/,14.629795,121.031705,Roundtable Discussion on Open Research in the Philippines,30,"Institute for Leadership, Empowerment, and Democracy (iLEAD)"
Madrid,https://www.medialab-prado.es/noticias/dia-de-los-datos-abiertos,40.410531,3.693799,Día de los Datos Abiertos,100,ODI Madrid; OEG-UPM; DataLAB Madrid
"IT University,  Ethos Lab ",https://dk.okfn.org/2018/02/13/join-us-for-open-data-day-2018-in-copenhagen/,55.659635,12.590958,OpenDataDay,,"OPEN KNOWLEDGE DANMARK, Open4Citizens,  Ethos Lab"
Abidjan (Côte d'Ivoire),,5.345317,-4.024429,Visualize geographical data on Côte d'Ivoire Extractive Industries.,15,Idriss KONE
Abidjan - Côte d'Ivoire,,5.359952,-4.008256,A la découverte de l'Open Data,20,Ovillage
Tehran,http://www.sigchi.ir,35.798877,51.392683,Open Data Day 2018 @ Shahid Beheshti (National) University (of Iran),,Dr. Kaveh Bazargan (SBU / SIGCHI.IR)
"Birmingham, UK",https://www.eventbrite.co.uk/e/data-dig-civil-society-open-data-expedition-registration-42570265811?utm_source=eb_email&utm_medium=email&utm_campaign=order_confirmation_email&utm_term=eventname&ref=eemailordconf,52.489254,-1.888244,Data Dig: Civil Society & Open Data expedition,25,"Pauline Roche, Ted Ryan (RnR Organisation), Simon Whitehouse, Mike Cummins (Data Unlocked)"
"Gifu, Japan",https://iodd2018gifu.peatix.com/,36.146124,137.252173,FIND / GIFU,15,CODE for GIFU
"Managua, Nicaragua",https://www.facebook.com/events/207585956486814/,12.130239,-86.268187,Open Data Day - Mapathon!,,"YEKA Street MGA, YouthMappers "
"Kampala, Uganda",https://africafoicentre.org/event/open-contracting-clinic-makerere-university/,0.329183,32.570988,Open-Contracting Data Clinic ,30,Africa Freedom of Information Centre 
"Cagliari, Italy",http://www.cagliariopendataday.eu/,39.221514,9.104686,Cagliari Open Data Day,70,"Circolo dei Giuristi Telematici, civic hackers"
"Ikoma, Nara, Japan",https://facebook.com/events/423095421484493,34.695067,135.698848,Open Data Drinking Party in IKOMA,20,CODE for IKOMA
AIZU,https://www.facebook.com/events/748414425348693/,37.494761,139.92981,Open Data Day in Aizu,,YASUSHI FUJII
Los Angeles,https://www.eventbrite.com/e/open-data-day-community-training-tickets-43280959515,34.019022,-118.283851,Open Data Day Community Training,40,"DataLA, EmpowerLA, and USC Price Center for Social Innovation"
"Patan Durbar Square, Nepal",https://www.facebook.com/events/236362010240347/,27.672731,85.325294,Open Data Day Nepal 2018,500,"Center for Data Journalism, Freedom Forum, Kathmandu Living Labs, Local Interventions Group, Nepal in Data, Open Knowledge Nepal, Open Nepal"
Jodhpur,fossyatra.wordpress.com,26.271,72.986926,Play with Data,50,Team FossYatra
"Paysandú, Uruguay",http://www.datosriouruguay.org/,-32.317758,-58.087646,Día de los Datos Abiertos del Río Uruguay,45,"Datos Concepción, Demos, PODER"
"N'Djamena, Chad",,12.134846,15.055742,Dat'Apero,30,WenakLabs 
"Shinagwa-ku, Tokyo, Japan",https://www.facebook.com/events/1085188144956646/,35.620967,139.723338,Overcome the difficulties in parenting children in the declining birthrate era of Japan.,50,"Faculty of Economics, Rissho University."
"Vienna, Austria",https://open.wien.gv.at/site/der-open-data-day-2018-wien-ist-dabei/,48.210876,16.357248,Open Data Day Events in Vienna,80,Open Government Competence Center Vienna & partners
"Helsinki, Finland",https://www.okf.fi/odd18,60.16737,24.92196,"March 2nd: Open Data Days in Helsinki - Day 2 ""Projects and working groups of Open Knowledge Finland""",,Open Knowledge Finland
"Helsinki, Finland",https://www.okf.fi/odd18,60.16697,24.92181,"March 3rd: Open Data Days in Helsinki - Day 3 ""Open Data Jam: Pop-in, Mapathons and Democrathons""",,"Open Knowledge Finland, HOT-OSM Finland, OSM Finland, mySociety"
"South Africa, Durban",https://www.meetup.com/Open-Data-Durban-Meetup/events/247864508/,-29.871864,31.048182,Land Dataquest,20,Open Data Durban
"Toyohashi,Aichi,Japan",,34.769199,137.391466,「川王」第1回 豊橋国際ハッカソン,20,Code for MIKAWA
Région Sud Provence Alpes Côte d'Azur,http://opendata.regionpaca.fr/actualites/detail/data-sud-la-plateforme-mutualisee-de-donnees-ouvertes-et-geographiques.html,43.30089,5.367501,DataSud : lancement de la nouvelle infrastructure régionale de données  ,,Région Sud Provence Alpes Côte d'Azur
"Riga, Latvia",https://www.facebook.com/events/209341259810187/,56.947251,24.11395,Atvērto datu diena 2018,30,Datu Skola
"Zagreb, Croatia",http://opendataday.org/,45.815011,15.981919,Open Data Day 2018,,Code for Croatia
Zagreb,https://odd.codeforcroatia.org/,45.815011,15.981919,Open Data Day 2018,,Code for Croatia
"Jena, Germany",www.offenes-jena.de,50.92876835,11.58457238,Open Data Day Jena 2018,,Achim Friedland
"Saint John, New Brunswick, Canada",http://www.saintjohn.ca/opendata,45.27,-66.06,New Open Data Portal Launch,,The City of Saint John
"Rosario, Argentina",,-32.944243,-60.650539,Encuentro de Hacking Civico Rosario,,"Santalab
Accion colectiva
Muni Rosario
El desafio
Red de ideas
Hack hackers
Observatorio legislativo
STS Rosario
Gregaria
Facultad libre
Polilab
EnRedAr
Fundacion Apertura
Red Argentina de Educación Abierta"
"Montevideo, Uruguay",https://www.meetup.com/es-ES/Cafes-de-DATA/events/248069696/,-34.888746,-56.188301,Open Data Day 2018,,"DATA Uruguay, CÍVICO, La Diaria"
"São Leopoldo, RIO GRANDE DO SUL, BRASIL",http://www.unisinos.br/eventos/dia-internacional-dos-dados-abertos-ex123467-00001,-29.795943,-51.153468,Dia Internacional dos Dados Abertos,,UNISINOS
sabae city fukui pref  Japan,https://www.facebook.com/events/1907321896247919/,35.945402,136.183038,まちで遊ぶアプリを考えよう”アイデアソン,30,"Code for Sabae ,Sabae city"
Taipei,https://okfntw.kktix.cc/events/odd2018,25.0229327,121.5409716,Open Data Day 2018,20,Open Knowledge Taiwan
Stuttgart,https://www.meetup.com/de-DE/OK-Lab-Stuttgart-Meet-Up/events/248092908/,48.790149,9.183144,Open Data Day 2018 Stuttgart,,OK Lab Stuttgart
Ouagadougou,https://www.eventbrite.co.uk/e/journee-internationale-des-donnees-ouvertes-tickets-43475648836,12.36804,-1.50459,État des données ouvertes au Burkina Faso et perspectives,50,Open Burkina
Asuncion,bit.ly/opendataday2018,-25.2872044,-57.6594342,Open Data Day Asu,50,"Girolabs, TEDIC, CDS, CEAMSO, CIRD"
Berlin Germany,https://www.meetup.com/OK-Lab-Berlin/events/248093660/,52.498439,13.381026,Open Data Day Berlin 2018,,codefor.berlin / OK Lab Berlin
"Bamako, Mali",https://tinyurl.com/opendataday2018-Bamako,12.6060138,-8.010392,Open Data Day 2018 Bamako,30,Openstreetmap Mali
Mexico,http://i2ds.org,19.372628,-99.173735,Inteligencia para evitar accidentes: Datos abiertos de percances viales Axa,80,"Instituto Internacional de Ciencia de Datos, Axa"
Natal/RN - Brasil,http://sigeventos.ufrn.br/eventos/public/evento/opendataday2018,-5.832136,-35.205317,Open Data Day Natal 2018,100,"Elias Jacob de Menezes Neto (LabGov/CERES/UFRN)
Fabrício Germano Alves (LabGov/CERES/UFRN)
Fernando Marques Figueira Filho (Coopera:lab/DIMAp/UFRN)
Gibeon Soares de Aquino Jr. (SINFO/UFRN)
Yanko Marcius Alencar Xavier (DEPRO/CCSA/UFRN)"
"Louisville, KY, USA",https://www.meetup.com/Louisville-Civic-Data-Alliance/events/248099878/,38.2574636,-85.7629547,Improve Louisville's Open Data Website,30,"Civic Data Alliance, Louisville Metro Innovation"
"Oakland, California, USA",https://www.meetup.com/OpenOakland/events/248040952/,37.800978,-122.263608,Open Data Day at Oakland Public Library,20,"Open Oakland, Oakland Public Ethics Commission"
Nicaragua ,,12.114993,-86.236174,Auditoría Social + DA + Municipios ,45,DLGP + Redes 
"Honolulu, Hawaii",https://opendataday2018.eventbrite.com,21.306944,-157.858333,Open Data Day 2018 (Hawaii),50,Hawaii Open Data
"Ferrara., Italy",http://www.ferrarasalute.it/relazioni-pubbliche/news/conoscere-i-dati-sulle-diseguaglianze-per-raccontare-i-fatti-e-migliorare-la-salute-di-tutti-i-cittadini,44.838124,11.619787,Conoscere i dati sulle diseguaglianze per raccontare i fatti e migliorare la salute di tutti i cittadini,100,"#FerraraOpenSanita, Comune di Ferrara, Ordine dei Giornalisti dell’Emilia Romagna, AUSL Ferrara, AOU Ferrara, Università di Ferrara, Agenda Digitale dell’Emilia Romagna"
"Saint Petersburg, Russia",http://www.hackathon.spb.ru/,59.946372,30.282703,Smart City Hackathon,60,ITMO University
"Osnabrück, Germany",https://www.meetup.com/de-DE/OK-Lab-Osnabruck/events/248131745/,52.27741,8.041671,OpenDataDay Osnabrück 2018,,Open Knowledge Lab Osnabrück
"Medellin, Colombia",,6.268898,-75.567391,UdeA training in OSM,,Universidad de Antioquia's Youthmappers chapter
Tunis,http://onshor.org,10.1792112,36.81473264,Unlock the potential of local data,11,Onshor
"Kosai, Shizuoka, JAPAN",https://open.kosai.org,34.718466,137.531626,International OpenData Day in KOSAI,30,opendata hamanako
"Nairobi, Kenya",https://docs.google.com/document/d/1jLhx7qJQnmcbvYsCez7wDqfZKRFGDnKoX5eF2L9ZNBk/edit,-1.292066,36.821946,Nairobi Mapathon 2018,20,"CODATA Agricultural Task Group , KALRO & JKUAT"
Rabat,http://marocviz.ma,33.9818,-6.86291,Votez Pour Les Données Ouverts,,Marocviz
Verschwörhaus Ulm,https://verschwoerhaus.de/feinstaubsensoren-im-eigenbau-am-3-3/,9.99014,48.39649,Feinstaubsensorbau,10,OK Lab Ulm / Ulmapi.de
"Sanfebagar, Nepal",,29.23420333,81.21563833,"International Open Data Day Celebration by Sanfebagar Municipality, Achham: Launch of Open Data Portal and Municipality Points of Interest Mapping",150,"Sanfebagar Municipality in coordination with YoungInnovations, Freedom Forum and CECI"
"Suzaka, Nagano-pref, JP",https://www.facebook.com/events/1839352356077523/,36.654822,138.308622,International Open Data Day 2018 in Suzaka,40,Suzaka city ICT initiative
Amagasaki City Japan,https://www.facebook.com/events/904385893073714/,34.733734,135.406376,てらまちアーカイブダンジョン,20,Code for Amagasaki
Nashik,https://docs.google.com/forms/d/e/1FAIpQLSdz1DORJHhMPUln5AFcDmwfCXwc-r0fSjeH2K7VWM04t2Fqeg/viewform?c=0&w=1,19.997453,73.789802,"
Open Data Day Celebration",,"Albedo Foundation, Naksha"
"Nairobi, Kenya",,-1.298076,36.792975,WanaData Scrapathon,15,Code for Kenya
"Yokohama-city and Kawasaki-city, kanagawa-pref, Japan",https://openkawasaki.connpass.com/event/80860/,35.4682448,139.6225002,"urban data challenge 2017 Kanagawa-hub, submissions presentation",30,"open kawasaki, code for kohoku"
New Orleans LA United States,Www.linkedin.com/in/davidcrais ,30,90,New Orleans Open Data Day ,500,David Crais 
"Katowice, Poland",https://medialabkatowice.eu/en/events/study-of-the-katowices-citizens-budget/,50.252953,19.023436,Study of the Katowice’s Citizens Budget,10,Medialab Katowice
Toronto,http://civictech.ca/codeacross-2018/,-79.3832,43.6532,Code Across 2018,180,CivicTech Toronto
Bogotá,https://somosmas.org/boletines/2018/openday/,4.692287,-74.073429, ¿Para qué y cómo generar procesos de apropiación de Datos Abiertos?,50,"Corporación Somos Más, Open North, Iniciativa Latinoamericana por los Datos Abiertos (ILDA), Ministerio TIC Colombia"
"Seattle, WA, USA",https://www.meetup.com/openseattle/events/248143078/,47.621573,-122.338101,Hone Your Civic Hacking Skills!,50,Open Seattle & Seattle PyLadies
"Bharatpur Metropolitian City, Chitwan District, Nepal",http://bookingsewa.com/opendataday2018chitwan,27.648664,84.417267,Open Data Day 2018 Bharatpur Chitwan Nepal,50,FOSS Chitwan
Tallinn,http://opendata.ee/opendataday/et/,59.436961,24.753575,Avaandmete päev / Open Data Day 2018,50,"Open Knowledge Estonia, Wikimedia Estonia"
"Xalapa, México",https://www.eventbrite.es/e/entradas-open-data-day-xalapa-43563266904?utm_term=eventurl_text,19.529435,-96.937529,Open Data Day Xalapa,50,H. Ayuntamiento de Xalapa 
Los Angeles,https://www.eventbrite.com/e/time-to-mapcasfuture-tickets-43372090089,34.0407639,-118.2373873,Time to #MapCAsFuture,,Aayushi Jain and Patrick Atwater
MEDELLIN - COLOMBIA,www.udea.edu.co,6.268818,-75.568236,Taller OSM,120,Grupo GeoSIG UdeA
"Pasto, Nariño, Colombia",http://artefacto.udenar.edu.co,1.21602,-77.278701,Datos Abiertos del Censo Artesanal de Pasto,30,"Grupo Investigación Artefacto, Universidad de Nariño"
"kyoto,japan",https://opendatakyoto.connpass.com/event/79064/,34.986858,135.750982,International open data di 2018 in Kyoto(Kyoto Open Datason 2018 - SakePedia & SakeMap),30,Open Data Kyoto Practice association
"Singapore, Enabling Village, 20 Lengkok Bahru, S159053",,1.287233,103.814808,Mapathon: Unlocking Redhill,90,"Microsoft, SG Enable, Grab"
Bratislava,https://utopia.sk/wiki/x/QoCjB,48.14482,17.101073,OpenData.sk Meetup #12,25,OpenData.sk initiative
"Pittsburgh, PA (USA)",http://pittsburgh2018.thatcamp.org,40.441958,-79.943688,THATCamp Pittsburgh 2018,75,"Jessica Otis, Jessica Benner, Susan Grunewald, Abigail Owen, Emma Slayton"
"Grant Park, Atlanta, USA",https://www.eventbrite.com/e/atlanta-greenspace-hackathon-tickets-42438262987,33.73569,-84.368476,Zoo Atlanta Entrance Greenspace,12,Atlanta Greenspace Hackathon
Brasília,https://www.meetup.com/pt-BR/Calango-Hacker-Club/events/248225792/,-15.794782,-47.893553,Open Data Day 2018 - Brasília,,"Otávio Carneiro, Calango Hacker Clube"
Montevideo- Uruguay,http://datos.gub.uy/,-34.901113,-56.164531,Abrite a los datos. La previa al Open Data Day.,55,Oficina de Planeamiento y Presupuesto a través de la Dirección de Gestión y Evaluación (OPP/AGEV) con la Agencia de Gobierno Electrónico y de la Sociedad de la Información  (AGESIC)
"Santiago, Chile",www.opendataday.cl,-33.442517,-70.626071,OpenDataDay Santiago,120,"Programa de Modernización del Sector Público, Ministerio de Hacienda; Observatorio de Gasto Fiscal; DataChile"
"Inagi, TOKYO, JAPAN",goo.gl/wH8A6p,35.627684,139.468592,IODD2018 in Inagi,,Eri Sugiyama
MITO,https://codeforibaraki.connpass.com/event/80765/,36.379581,140.466637,International Open Data Day 2018 in Mito,15,Code for Ibaraki
"Tallinn, Estonia",opendata.ee/opendataday,59.436961,24.753575,Avaandmete päev / Open Data Day 2018,50,"Open Knowledge Estonia, Wikimedia Estonia"
"Perm city, Russian Federation",https://www.facebook.com/events/222430694969835/,58.013613,56.241768,Open Data Workshop for NGOs,30,Teplitsa. Technologies for Social Good (https://te-st.ru)
"Lugo di Romagna, Italy",http://www.labassaromagna.it/Unione-dei-Comuni/News/Open-Data-Day-VI-Edizione,44.415051,11.908185,“Open Data: un anno dopo”,100,"Giovanni Baldini, Angela Magnani, Franco Morelli , Istituto Stoppa"
Tallinn,,59.422597,24.801377,Trashpoints clean-up,2,LetsDoIt! Foundation
riyadh,,24.713552,46.675296,OPEN DATA DAY,,Open Data Day
"Bassan Plaza, 10th Street, 3rd Floor, D Wing Behind Total House, Central Business District, FCT, Abuja, Nigeria",http://bit.ly/2EZZH5N,9.052321,7.482594,Value of Open Data,40,Community Park
"Ciudad de Panamá, Panama",https://www.instagram.com/p/BftaheBDZYJ/,8.97091,-79.534758,Presentación Datos Abiertos del Municipio de Panamá,100,"Municipio de Panamá, Esri Panamá y Kernel Community Think Tank"
"Vorniceni village, Moldova",https://www.facebook.com/events/202704846979771/,47.15,28.429,Promoting Open Data Day,300,NGO ”Terra-1530” https://www.facebook.com/terra1530/ 
Minsk,https://www.facebook.com/events/162973987691153/,53.90454,27.561524,Open Data Day in Minsk,50,"Community ""Open Data.Belarus"""
Aragón (Spain),http://opendata.aragon.es,41.653433,-0.891635,Presentación nuevos servicios de Aragón Open Data: Open Analytics Data y nuevas utilidades de Open Social Data ,,Aragón Open Data
Quezon City,https://web.facebook.com/events/1584816034967179/,14.676208,121.043861,Enabling Data for Evidence-Based Public Policy Making,5,Datos.PH
"Kabul, Afghanistan",,34.5056526,69.1420567,Open Data Day Afghanistan 2018,,"Afghanistan Data Hub, Porsesh Research and Studies Organisation"
DLab,,-6.771316,39.239939,Stories that Solve 2.0 - Empowering our stories with Data,25,She Codes for Change
She Codes for Change,,-6.744791,39.23958,Stories that Solve 2.0 - Empowering our Stories with Data,25,She Codes for Change
"Japan Takaoka, Toyama Prefecture　",https://www.facebook.com/events/366240290509219/,36.741434,137.015495,IT festa@Takaoka,30,Code for Takaoka
BonnLAB,https://codeforbonn.de/open-data-day-bonn-2018/,50.73756,7.1199,Open data Day Bonn 2018,15,"Damian Paderta, Sven Hense"
"Dublin, Ireland",https://www.eventbrite.ie/e/driving-open-transport-data-tickets-43349968924,53.349805,-6.26031,Driving Open Transport Data,50,"Derilinx, Department of Public Expenditure and Reform, National Transport Authority, Smart Dublin, Transport Infrastructure Ireland"
Panama,https://www.eventbrite.com/e/hackaton-del-dia-de-los-datos-abiertos-tickets-43585422171,9.029204,-79.519064,Hackaton del Día de los Datos Abiertos ,50,IPANDETEC 
Yaounde-Cameroon,https://web.facebook.com/events/2099840236929592/,3.848032,11.502075,OpenData Journalist,30,"Digital Rights Access Association, Rigobert Kenmogne, Gabriel Ename"
Santiago de Cali - Colombia,https://docs.google.com/forms/d/e/1FAIpQLSf1lCffVec-t9ijttzf5NU7uY4_6UwaID2MLD1-M8QHeaJdrg/viewform,3.453927,-76.524849,Open Data para el Control Social,50,Alcaldía Municipal de Santiago de Cali
"Bogor, Indonesia",,-6.604198,106.836837,Fiscal Modelling of Extractive Industries ,10,Publish What You Pay Indonesia
"Aomori, Japan",http://www.pref.aomori.lg.jp/sangyo/energy/iodd2018aomori.html,40.822072,140.747365,International Open Data Day 2018 in Aomori,40,Aomori Open Data Consortium
Bolivia La Paz,Bolivia La Paz,Bolivia La Paz,Bolivia La Paz,Bolivia La Paz,Bolivia La Paz,Bolivia La Paz
Tokyo,Tokyo,Tokyo,Tokyo,Tokyo,Tokyo,Tokyo
"Hachinohe, Japan","Hachinohe, Japan","Hachinohe, Japan","Hachinohe, Japan","Hachinohe, Japan","Hachinohe, Japan","Hachinohe, Japan"
"Tunis, Lac 2, Level 1","Tunis, Lac 2, Level 1","Tunis, Lac 2, Level 1","Tunis, Lac 2, Level 1","Tunis, Lac 2, Level 1","Tunis, Lac 2, Level 1","Tunis, Lac 2, Level 1"
Via Tre Monti - Milazzo (ME) - Italia,Via Tre Monti - Milazzo (ME) - Italia,Via Tre Monti - Milazzo (ME) - Italia,Via Tre Monti - Milazzo (ME) - Italia,Via Tre Monti - Milazzo (ME) - Italia,Via Tre Monti - Milazzo (ME) - Italia,Via Tre Monti - Milazzo (ME) - Italia
"Wakayama,Japan",https://wacker.doorkeeper.jp/events/71395,33.695979,135.396194,International Open Data Day 2018 in Wakayama,,International Open Data Day in Wakayama Committee
"Kochi, Japan",https://www.facebook.com/events/225105624725728/,33.563476,133.543614,"Civic Tech and Open Data starting from ""myself""",12,TEAM Odekake Tasuke Tai
Libreville (Gabon),https://www.facebook.com/events/2022791251268958/,0.424717,9.44508,Journée Internationale de l'Open Data ,50,Communauté des Blogueurs du Gabon
Inagi-shi Tokyo Japan,https://www.facebook.com/events/158662774836847/,35.63033,139.506268,Inagi-biyori aeru-kai,60,Inagi-biyori
Barcelona,http://governobert.gencat.cat/ca/dades_obertes/jornada-dades-obertes-per-a-una-ciutadania-activa/,41.385064,2.173403,Open Data for an active citizenship,70,Government of Catalonia
"Saga, Japan",http://code4saga.org/archives/625,33.2508551,130.2916985,International Opendata Day 2018 in SAGA,30,Code for Saga
Cotonou,https://ypdint.wordpress.com/open-data/,6.370293,2.391236,Promoting open data in agriculture and nutrition,10,Young Pioneers for Development
"Xalapa, Veracruz, México",http://novusdata.gob.mx/DatosAbiertos.html,19.543775,-96.910181,Política de Datos Abiertos,100,"Oficina de Programa de Gobierno del Estado de Veracruz (PROGOB), Laboratorio Nacional de Informática Avanzada (LANIA) y Fondo de Empresas de la Universidad Veracruzana (FEUV)"
"Tunis, Tunisia",https://www.facebook.com/events/157066364996388/,36.84305,10.196852,Open Data Tunisia #onshor,50,onshor
"INSAT, Tunisia",https://www.facebook.com/events/157066364996388/,36.842533,10.197645,Open Data Day Tunisia,50,ONSHOR -  http://onshor.org/
"Belgrade, Serbia",http://www.ite.gov.rs/aktuelnosti.php#a64,44.786568,20.448922,Open Data Week,200,"Office for IT and e-Government, UNDP, SEE ICT"
"Novi Sad, Serbia",http://www.blizanci.rs/statskola.php,45.267135,19.83355,Presentation of Open Data principles at the opening of the Spring School of Statistics,10,"Center for behavioral genetics (Faculty of Philosophy, University of Novi Sad / Department of Psyhology) and Be-OPEN project (University of Novi Sad, financed by European Comission, Erasmus+ Key Action 2)"
"Trenton, GA USA",https://www.facebook.com/groups/THEVILLAGEIDIOT/,34.868407,-85.509285,Dade County Open Data discussion on County Government sources of Data on the Village Idiot,50,The Village Idiot
"Libreville, Gabon",https://twitter.com/CBG241/status/969221475784851458,0.3901,9.4544,"ODD Libreville, Gabon",,Communauté des Blogueurs du Gabon
"Niagara region, Ontario, Canada",https://niagaraopendata.ca/showcase/odd2018-sports-facilities-crowd-sourcing,43.116363,-79.241733,Niagara Open Data Day - Sport Facilities Crowdsourcing,,Niagara Open Data Consortium
Italy,http://letsdoititaly.org/notizie/86-news/121-open-data-day-2018-mappatura-dei-rifiuti,40.845504,14.370896,Mappa i rifiuti illegali,,Let's do It! Italy
Cochabamba,http://bit.ly/ODD18Mujeres,-17.373789,-66.148125,#ODD18 Mujeres,,Warmi.Red - Cuántas Más
"Handa, Aichi, Japan",https://www.facebook.com/events/2023928957882941/,34.891718,136.937961,International Open Data Day in Handa,10,Handa Open Data Promote and Use Organization
"Buffalo, NY USA",www.buffaloinnovates.com,42.886641,-78.879354,Mayor Byron W. Brown's Civic Innovation Challenge Powered by AT&T,,Open Data Buffalo
"gokisocho, showa, nagoya, aichi, Japan",https://iodd2018-aichi.peatix.com/,35.156953,136.925539,SOLVE OUR PROBLEM Code for Nagoya & Code for AICHI（オープンデータで「困った」を解決！）,,Code for Nagoya & Code for AICHI
"Taipei, Taiwan",https://presidential-hackathon.iii.org.tw,25.0398,121.5158,Predential Hackathon for Social Innovation,500,The General Assembly of Culture
"Santanda, Yamanome, Ichinoseki, Iwate, Japan",,38.931587,141.120056,IODD 2018 Ichinoseki,,UDC一関拠点連絡会議（UDC Ichinoseki Kyoten Renraku Kaigi）
"Gokencho, Mito, Ibaraki, Japan",https://codeforibaraki.connpass.com/event/80765/,36.379601,140.466646,International Open Data Day2018 @ Mito,,"Code for Ibaraki, Mito-shi, CoderDojo Mito"
"Jakarta, Indonesia",,-6.221282,106.820403,Data Driven Journalism Workshop,60,"Satu Data Indonesia, Alliance of Independent Journalists, Jakarta Smart City"
"Japan, Minato-ku Roppongi GLOCOM",http://okfn.jp/2018/02/26/opendataday2018/,35.658745,139.727929,Open Knowledge Japan,5,International University GLOCOM Masahiko Shoji 
Wakayama Tanabe-shi  Shinjocho 3353-9,https://wacker.doorkeeper.jp/events/71395,33.696215,135.395652,International Open Data day 2018,,Wakker Takayuki Miyauchi
Shinuomachi (Tsuyama),,35.05888,134.000541,OpenDatathon in Tsuyama vol.2 Wikipedia town & mapping party,,"Tsuyama-shi OpenData-Bu(Group), Public Library of Tsuyama City, Tsuyama Machinaka College"
kitakyushu kokura asano 3−9−33 mikuni world stadium,https://connpass.com/event/78584/,33.88809,130.880959,Mixster Hackathon,20,Code for Kitakyushu
hyogo amagasaki showa-dori 2-7-16,https://www.facebook.com/events/904385893073714/,34.721113,135.420402,Village of Temples Dungeon,, Code for Amagasaki
"2 Chome-1-22 Momochihama, Sawara Ward, Fukuoka, Fukuoka Prefecture ",http://www.bodik.jp/event/4414/,33.593362,130.355899,BODIK seminar,,"Fukuoka AI community, Fukuoka Asian Urban Research Center. Institute of Systems, Information Technologies and Nanotechnologies (ISIT) "
"1-294, Kiyomizu, Higashiyama-ku, Kyoto-shi, Kyoto-fu, Japan 　",https://www.facebook.com/events/336541063529567/,34.99556,135.78329,Bakumatsu Kyoto Mapping Party（幕末京都マッピングパーティ）#02,,@shokoku.roman
fukui sabae nishiyama 13−13−1,https://www.facebook.com/events/1907321896247919,35.956478,136.184074,Lets create application in the Village International Open Data Day Sabae,,Sabae town and Code for Sabae
Kanegae (Shimogyou),https://www.facebook.com/events/2067102220167891/,34.986813,135.751025,Chizu-Burari（ちずぶらり） （Stroll around town）,,Stroly
Toyama nanto Fukumitsu 6923,https://www.facebook.com/events/2328320043860159/,36.559268,136.871977,Community Bus and Oden party GTFS data,,Code for Nanto
"toyama, takaoka Shimozekimachi 6-1",http://www.city.takaoka.toyama.jp/joho/event/it-festa2017.html,36.741559,137.015116,IT festa @ Takaoka,,Code for Takaoka(NAT)
Tokushima Minamishimadacho 2-25  ,https://www.facebook.com/events/1554748294620382/,34.078936,134.510433,Work Reform ,,Code for Tokushima
Akebono (Kumagaya),https://www.facebook.com/events/2045648105657844/,36.136686,139.395982,Kumagaya Sightseeing Hackathon （熊谷観光ハッカソン Huck for D アイデアをアプリに）,,Code for Kumagaya
"Oita,Japan",https://www.facebook.com/events/183130902447879/,33.238172,131.612619,"Open Data Day 2018 in ""Onsenken"" Oita",10,Code for Oita
Komaba(Meguro),https://peatix.com/event/347711/,35.662388,139.677236,Front line of Public Transportation Open Data in International Open Data Day 2018,,"標準的なバス情報フォーマット広め隊（https://gtfs.jp/hirometai2017/）, Sezaki Laboratory Tokyo University "
Omiyacho (Mishima),https://www.city.mishima.shizuoka.jp/ipn033894.html,35.123297,138.915518,Mishima ICT Festival（みしまICTまつり）,,City Mishima
Chuo (Ueda),http://www.nagano.ac.jp/news/2018-0303/index.html,36.400442,138.253064,Open Data Day 2018 in Ueda,,長野大学、シルクロード長野ネットワーク
Oosawa (Sasayama),https://www.facebook.com/events/2064339690512480/,35.056232,135.177569,Open Data Cafe IOdD2018,,Kanako Yuyama and 4 others
Kochi,https://www.facebook.com/events/225105624725728/,33.559587,133.529279,"""Open Data"" and ""Civic Tech"" from as if it was our own  --What is making better local area?",,Co-living space OUCHI
Kosai,http://www.city.kosai.shizuoka.jp/secure/18190/iod2018pop.pdf,34.718466,137.531626,Open Data Day 2018 in Kosai,,Open Data Lake Hamanako
Inagi,https://www.facebook.com/events/158662774836847/,35.637924,139.504567,Dressing Meeting,,Inagi biyori
Fukuoka,http://www.bodik.jp/event/4412/,33.590355,130.401716,"Team AIBODIK Presents AI TechShop ""Let's try to use AI and data analysis!""",,Team AIBODIK
"Ginza, Chuo, Tokyo",https://tokyo-odd-2018.peatix.com/,35.668156,139.767245,Tokyo Open Data Day 2018,,Tokyo Open Data Day 2018 Steering Commitee（東京オープンデータデイ2018実行委員会）
Nagasaki,https://www.sn-nagasaki.jp/swfu/d/auto-LLTX61.pdf,32.750286,129.877667,Open Data Day 2018 in Nagasaki,,Code for NAGASAKI
Unnan,https://www.facebook.com/groups/142256849746661/permalink/172924730013206/?pnref=story,35.307726,132.900299,Code for Shimane,,Code for Shimane
Hakodata,,41.768793,140.72881,Open Data Day in Hakodate,,Code for Hakodate
Takaomachi (Hachiouji),https://www.facebook.com/events/340107736489243/,35.63213,139.269845,IODD2018 Code for Hachioji 高尾山薬王院マッピングパーティ,,Code for Hachioji
"Nishi ward, Yokohama City",https://www.facebook.com/events/143679523113239/,35.453623,139.61696,Apps for Child Care made by us,,Bi-no Bi-no
Suita,,34.759453,135.51686,Mapping Party --Let's dispatch the information about attraction of Senri New Town!,,Suita Center for Civic Public Activity
Yasugi-cho (Yasugi),https://www.city.yasugi.shimane.jp/shisei/tokei/opendata/od-torikumi-20180210.data/0000001.pdf,35.431723,133.251468,City Yasugi Open Data Ideathon ,,City Yasugi
"Shinagawa ward, Tokyo",https://www.facebook.com/events/1085188144956646,35.609226,139.730186,Child rearing and future parks making with mama and papa,50,Rissho University
Achi(Kurashiki),http://d-cradle.or.jp/info/info_detail/index/67.html,34.597257,133.770103,International Open Data Day 2018 in Kurashiki,,"data CRADLE, Code for Kurashiki"
Kanagawa,https://www.facebook.com/events/1541346992651137/,35.476901,139.629431,Exchange meeting of the Urban Data Challenge 2017 Kanagawa ,,"Open Kawasaki, Kodo for Kohoku"
Gifu,https://iodd2018gifu.peatix.com/,35.423298,136.760654,"Let's Post an emotional Takayama's ""Scenery Photo""",,Code for Gifu
"kobata, Aomori, Aomori (Aomori University) ",http://www.pref.aomori.lg.jp/sangyo/energy/iodd2018aomori.html,40.783471,140.782291,"International Open Data Day 2018 in Aomori, Hachinohe, and Hirosaki",,"Aomori Public Private Data Utilization Promotion Consortium (あおもり官民データ活用推進コンソーシアム)）, Aomori University, and Prefecture Aomori"
Mori,https://howmori.org/2018/03/02/iodd-2018-sapporo-森町会場/,42.104795,140.576324,IODD 2018 SAPPORO in Mori Town,,"howmori, Code for Sapporo (Mori team), Thermal insulation visualization Team"
kakegawa (kakegawa),http://www.city.kakegawa.shizuoka.jp/city/jyohosuishin/seisaku/opendata/opendate2018.html,34.773983,138.012472,Open Data Day 2018 in Kakegawa,,City Kagegawa
Fukuoka,http://www.bodik.jp/event/4455/,33.590355,130.401716,"Kick Off of Code for Fukuoka:  ""Idea Sketch Workshop""",,Big Data & Open Data in Kyushu
Myo Obiraki (Hachinohe),http://www.pref.aomori.lg.jp/sangyo/energy/iodd2018aomori.html,40.479642,141.562761,"International Open Data Day 2018 in Aomori, Hachinohe, and Hirosaki",,"Aomori Public Private Data Utilization Promotion Consortium (あおもり官民データ活用推進コンソーシアム)）, Aomori University, and Prefecture Aomori"
"Dote, Hirosaki, Aomori",http://www.pref.aomori.lg.jp/sangyo/energy/iodd2018aomori.html,40.6023,140.471627,"International Open Data Day 2018 in Aomori, Hachinohe, and Hirosaki",,"Aomori Public Private Data Utilization Promotion Consortium (あおもり官民データ活用推進コンソーシアム)）, Aomori University, and Prefecture Aomori"
Tokatsu,https://iodd2018cft.peatix.com/view,35.85631,139.90266,IODD2018 in Code for Tohkatsu,,Code for Tohkatsu
Abomey-Calavi Benin. The event concerned has been taking place since for long time and I want here to brief on them,https://www.gbif.org/search?q=Benin; this link is about large amount of data we published on GBIF and GBI Benin sites and therefore make them freely accessible worldwide the community to support their use and reuse to inform decisions. They are Open data. Many results are now available on the use and reuse of data such http://academicjournals.org/journal/IJBC/article-abstract/FB78CD066719,6.5,0.4,The overall events can be entitled: Data mobilization and use to support decision making,50,GBIF Benin: https://www.gbif.org/country/BJ/summary
"Newcastle upon Tyne, United Kingdom",https://www.facebook.com/events/186083548671555/,54.978633,-1.608754,CodefromtheNortheast informal hang out 2018,10,"Diogo Pereira Henriques, Ajay Tiwary, and Geetika Aggarwal; from #CodefromtheNortheast"
"Itan , Tehran , Iran",http://register.tp4.ir,35.72308,51.386901,Transparency and supervisory organizations in Iran,35,Transparency4Iran
Guatemala,https://www.facebook.com/events/2026133447646728/?ti=as,14.620981,-91.513536,OpenDataGt,50,ChambaCoworking